reaction_id,cluster_id,cluster_size
36110933,1,1
36718171,2,1
36516848,3,1
36312077,4,1
36314160,5,1
36111047,6,1
37219953,7,1
37219909,8,1
36516951,9,1
36918860,10,1
37219964,11,1
36718211,12,1
36416514,13,1
36313957,14,1
36718468,15,1
36718414,16,1
36516728,17,1
36516779,18,1
37219907,19,1
36918869,20,1
37219959,21,1
36718132,22,1
37420510,23,1
36314556,24,1
37320136,25,1
36718175,26,1
36718265,27,1
36315380,28,1
36516837,29,1
37220014,30,1
36315381,31,1
36211071,32,1
36211325,33,1
37019456,34,1
36617553,35,1
36313985,36,1
36516781,37,1
36918861,38,1
36718287,39,1
37219946,40,1
37622460,41,1
37219942,42,1
36416551,43,1
37219944,44,1
36211102,45,1
36516761,46,1
37622529,47,1
36211305,48,1
36718422,49,1
37320079,50,1
36211462,51,1
36416606,52,1
36516757,53,1
36516954,54,1
36919209,55,1
35809005,56,1
37320120,57,1
36918858,58,1
35809084,59,1
35809138,60,1
36918862,61,1
36516970,62,1
36211475,63,1
35809016,64,1
36314365,65,1
35809013,66,1
36516858,67,1
35809142,68,1
36516851,69,1
37320096,70,1
36919050,71,1
35809083,72,1
36211385,73,1
36211473,74,1
36918949,75,1
36718372,76,1
36718556,77,1
36516959,78,1
43053808,79,1
36313221,80,1
36718555,81,1
36211272,82,1
35809054,83,1
35809243,84,1
35809017,85,1
35809174,86,1
36314347,87,1
37622545,88,1
37019238,89,1
36211469,90,1
35809022,91,1
36718207,92,1
36718199,93,1
36516957,94,1
36211548,95,1
36919045,96,1
36416539,97,1
36110555,98,1
35809021,99,1
35809024,100,1
37320158,101,1
36718376,102,1
36211460,103,1
36718401,104,1
37019416,105,1
36211211,106,1
36718395,107,1
36718141,108,1
36211273,109,1
36516876,110,1
36516738,111,1
37320114,112,1
36516824,113,1
36211285,114,1
36516840,115,1
35809025,116,1
43562825,117,1
37019273,118,1
36918942,119,1
36211459,120,1
36009833,121,1
36718338,122,1
35809382,123,1
35809011,124,1
37622518,125,1
35809014,126,1
36516972,127,1
35809082,128,1
35809019,129,1
36516812,130,1
37320109,131,1
36718353,132,1
43562826,133,1
35809076,134,1
35809008,135,1
36211088,136,1
36211312,137,1
45885661,138,1
42889310,139,1
36110682,140,1
35205038,141,1
36009783,142,1
37219822,143,1
36617436,144,1
36110736,145,1
35708633,146,1
35406398,147,1
36110530,148,1
37219829,149,1
36718280,150,1
36110697,151,1
36718404,152,1
37219945,153,1
36718067,154,1
36718449,155,1
37320287,156,1
35809401,157,1
35707684,158,1
36416574,159,1
37320154,160,1
35707686,161,1
42890333,162,1
35205164,163,1
35607470,164,1
36315262,165,1
35707677,166,1
35708746,167,1
36211677,168,1
35708750,169,1
35708607,170,1
36416696,171,1
37219826,172,1
36516895,173,1
36211267,174,1
35707663,175,1
37119492,176,1
36110704,177,1
36516729,178,1
35506469,179,1
35708584,180,1
36211185,181,1
37119688,182,1
36312552,183,1
35909578,184,1
36718045,185,1
36211131,186,1
36315274,187,1
36718503,188,1
36110123,189,1
35606950,190,1
35708609,191,1
35205043,192,1
37420353,193,1
36009764,194,1
42890163,195,1
35809166,196,1
36718182,197,1
36919235,198,1
36110689,199,1
42890537,200,1
37320232,201,1
35708259,202,1
36311940,203,1
36315697,204,1
37219823,205,1
36516742,206,1
35708603,207,1
36316012,208,1
36718137,209,1
36110552,210,1
37622403,211,1
35809126,212,1
35406359,213,1
35809378,214,1
36009700,215,1
36617495,216,1
35708318,217,1
35809117,218,1
37019379,219,1
35707648,220,1
36110026,221,1
36718526,222,1
37622417,223,1
37220037,224,1
37219962,225,1
35708548,226,1
35809079,227,1
35506530,228,1
35809221,229,1
35809387,230,1
37119782,231,1
36313091,232,1
35707652,233,1
35809207,234,1
36211255,235,1
37320127,236,1
37521840,237,1
35205242,238,1
36617199,239,1
36617459,240,1
42890323,241,1
36718472,242,1
36718583,243,1
36110917,244,1
36516924,245,1
36516726,246,1
36110918,247,1
35809321,248,1
37220043,249,1
37320199,250,1
37622418,251,1
35506537,252,1
37219961,253,1
42890501,254,1
35809163,255,1
37622504,256,1
36919129,257,1
36315486,258,1
36313983,259,1
35707639,260,1
36316343,261,1
36416563,262,1
35607461,263,1
35708138,264,1
36919052,265,1
36516909,266,1
36517076,267,1
35707660,268,1
36211269,269,1
36617945,270,1
36110438,271,1
36718298,272,1
35607150,273,1
36211311,274,1
36110201,275,1
35809100,276,1
35708038,277,1
35506448,278,1
35707869,279,1
37219844,280,1
36718615,281,1
35708606,282,1
36516930,283,1
36109964,284,1
35606974,285,1
35607358,286,1
37320198,287,1
35708360,288,1
35506790,289,1
36211529,290,1
36315272,291,1
36316089,292,1
35406403,293,1
36516874,294,1
37522279,295,1
35809075,296,1
36416532,297,1
37119468,298,1
35205345,299,1
36718427,300,1
37119780,301,1
37521144,302,1
36617936,303,1
37521846,304,1
35708168,305,1
36009859,306,1
35205173,307,1
37119607,308,1
35809377,309,1
36516905,310,1
36315471,311,1
36516975,312,1
35205168,313,1
37220008,314,1
37019404,315,1
36516814,316,1
36211137,317,1
37219856,318,1
35506811,319,1
36311923,320,1
35809134,321,1
35909445,322,1
36416638,323,1
36919117,324,1
35707991,325,1
36211260,326,1
37119476,327,1
37320254,328,1
37219898,329,1
36919103,330,1
36718595,331,1
37320268,332,1
37219937,333,1
36516760,334,1
37219832,335,1
42889129,336,1
36211123,337,1
42889650,338,1
36617920,339,1
36110954,340,1
36110243,341,1
36009711,342,1
35205094,343,1
35406308,344,1
35708159,345,1
37320295,346,1
36315539,347,1
37622384,348,1
35506742,349,1
37622394,350,1
36009756,351,1
35708151,352,1
35205348,353,1
36311995,354,1
36211383,355,1
35506540,356,1
36312018,357,1
37219839,358,1
36211296,359,1
36617219,360,1
35506774,361,1
35708164,362,1
35708593,363,1
36416542,364,1
45885760,365,1
35406310,366,1
36211064,367,1
35205263,368,1
35809116,369,1
36416540,370,1
37520719,371,1
36110708,372,1
36516749,373,1
36315364,374,1
36918945,375,1
35809104,376,1
35707641,377,1
35406368,378,1
35809252,379,1
37622434,380,1
35708050,381,1
37622501,382,1
37119619,383,1
36517082,384,1
36416637,385,1
35707512,386,1
36718433,387,1
36918937,388,1
36110630,389,1
36009823,390,1
36110253,391,1
36312553,392,1
35707692,393,1
36416641,394,1
36211061,395,1
36312070,396,1
37622462,397,1
35205090,398,1
35707689,399,1
35707907,400,1
35909492,401,1
35708690,402,1
36110591,403,1
35809155,404,1
35607460,405,1
35205235,406,1
42889454,407,1
37219868,408,1
36517149,409,1
36416527,410,1
35606965,411,1
36517016,412,1
36313371,413,1
36918948,414,1
35227885,415,1
36516762,416,1
36314073,417,1
36110597,418,1
35809361,419,1
36919183,420,1
35205160,421,1
36718379,422,1
37219934,423,1
35205240,424,1
35506521,425,1
35606954,426,1
35707820,427,1
36416550,428,1
36617155,429,1
37219897,430,1
35205255,431,1
36110369,432,1
37019316,433,1
36311930,434,1
37019330,435,1
36919194,436,1
36416622,437,1
37219801,438,1
37522263,439,1
35205041,440,1
35607110,441,1
37019425,442,1
36718136,443,1
36718317,444,1
35809115,445,1
35707593,446,1
35809097,447,1
35809319,448,1
35406387,449,1
42890388,450,1
36516955,451,1
36416534,452,1
36718235,453,1
37622451,454,1
36316392,455,1
35708620,456,1
37320246,457,1
36516993,458,1
35708598,459,1
36211461,460,1
36617190,461,1
37019396,462,1
36211099,463,1
36211375,464,1
36516943,465,1
36918904,466,1
36416500,467,1
37320215,468,1
35205317,469,1
35708176,470,1
36313153,471,1
35809096,472,1
36617753,473,1
35909487,474,1
36617287,475,1
36110603,476,1
35707866,477,1
35708553,478,1
36416721,479,1
36919118,480,1
36110642,481,1
36516755,482,1
36718273,483,1
35708226,484,1
35205197,485,1
37219893,486,1
35707535,487,1
36416548,488,1
37522181,489,1
35406391,490,1
36516961,491,1
36211476,492,1
35708182,493,1
36516931,494,1
36312074,495,1
36110466,496,1
43053715,497,1
36516908,498,1
35708240,499,1
37219925,500,1
35909441,501,1
35707815,502,1
35506476,503,1
37622465,504,1
36314157,505,1
35708564,506,1
36109991,507,1
35708154,508,1
37019338,509,1
36516927,510,1
35707814,511,1
35708585,512,1
36211297,513,1
36111036,514,1
37219999,515,1
35707833,516,1
37019401,517,1
36312531,518,1
35607430,519,1
36416497,520,1
37320117,521,1
36311887,522,1
35506764,523,1
35808924,524,1
36315580,525,1
35809399,526,1
37521841,527,1
37019300,528,1
36110583,529,1
37320155,530,1
37219918,531,1
36211111,532,1
36211368,533,1
35708632,534,1
43054153,535,1
35708640,536,1
35606964,537,1
37522192,538,1
35506747,539,1
36009713,540,1
35809094,541,1
36009952,542,1
36110229,543,1
36517123,544,1
36617158,545,1
35707659,546,1
35406361,547,1
36718017,548,1
36416589,549,1
35205232,550,1
35809220,551,1
36516907,552,1
37622397,553,1
35809234,554,1
35708619,555,1
36416600,556,1
36110618,557,1
36110589,558,1
42889280,559,1
35708153,560,1
35707861,561,1
36919046,562,1
35707625,563,1
36516986,564,1
35205061,565,1
37119539,566,1
36718354,567,1
35606826,568,1
35205243,569,1
36516734,570,1
35205062,571,1
37320134,572,1
37019440,573,1
36314255,574,1
37622482,575,1
37219922,576,1
36718163,577,1
37220030,578,1
37080784,579,1
35708594,580,1
37019321,581,1
36617703,582,1
36718606,583,1
37119493,584,1
37320098,585,1
36313976,586,1
36313259,587,1
35606985,588,1
35707630,589,1
35909452,590,1
36516922,591,1
35708691,592,1
35506459,593,1
36919133,594,1
36718036,595,1
37420549,596,1
36717985,597,1
36516746,598,1
35809041,599,1
35607483,600,1
36617247,601,1
35607450,602,1
37019326,603,1
36211113,604,1
36316371,605,1
35707572,606,1
35909511,607,1
35708724,608,1
35708207,609,1
37220007,610,1
35708615,611,1
36517151,612,1
35606995,613,1
37019322,614,1
36009839,615,1
35809190,616,1
35809146,617,1
35506797,618,1
36617304,619,1
36718554,620,1
37522333,621,1
37622476,622,1
36718463,623,1
36516808,624,1
35205096,625,1
36110475,626,1
37220017,627,1
36516751,628,1
42889015,629,1
35707763,630,1
36516765,631,1
35708064,632,1
35205113,633,1
36516958,634,1
42890581,635,1
37420580,636,1
36009738,637,1
35205268,638,1
35205349,639,1
36312541,640,1
36211076,641,1
35809077,642,1
35607458,643,1
43053794,644,1
36110584,645,1
36312550,646,1
36617411,647,1
36311936,648,1
36718408,649,1
36313176,650,1
37019409,651,1
36918867,652,1
36314117,653,1
36311983,654,1
37219849,655,1
35809072,656,1
36312087,657,1
37622400,658,1
36718478,659,1
36211263,660,1
35205066,661,1
36211710,662,1
35606824,663,1
36416593,664,1
35809406,665,1
35708257,666,1
37219924,667,1
36211237,668,1
36110687,669,1
35205091,670,1
35707730,671,1
37622505,672,1
37622408,673,1
37220041,674,1
35708155,675,1
35406307,676,1
35506777,677,1
42890331,678,1
35708167,679,1
35708083,680,1
42889224,681,1
37019254,682,1
37320223,683,1
35606946,684,1
36718180,685,1
35809120,686,1
36617309,687,1
36516796,688,1
36718609,689,1
42890497,690,1
37219880,691,1
37420543,692,1
35607130,693,1
35809131,694,1
36211116,695,1
37220054,696,1
35809394,697,1
37019450,698,1
36110715,699,1
35707651,700,1
36718003,701,1
36416584,702,1
36315575,703,1
37622402,704,1
35708715,705,1
35607457,706,1
35708202,707,1
35809112,708,1
35809139,709,1
36718569,710,1
37622494,711,1
35707547,712,1
35205324,713,1
36617537,714,1
35205257,715,1
35205083,716,1
36517140,717,1
35506622,718,1
35809136,719,1
35707682,720,1
35205104,721,1
37219921,722,1
36312064,723,1
36315754,724,1
35506624,725,1
35708597,726,1
37219810,727,1
36718347,728,1
37019449,729,1
35708171,730,1
35205319,731,1
35809133,732,1
36110570,733,1
37219804,734,1
37019315,735,1
36718371,736,1
35909464,737,1
43562936,738,1
35809181,739,1
36416595,740,1
36517122,741,1
36516934,742,1
35205258,743,1
36009757,744,1
36416634,745,1
36110716,746,1
42889623,747,1
35506628,748,1
35205247,749,1
37420530,750,1
35707938,751,1
37522220,752,1
37219807,753,1
36110534,754,1
37320170,755,1
37219919,756,1
35205318,757,1
37320122,758,1
36211094,759,1
37622449,760,1
36311984,761,1
36617894,762,1
36918947,763,1
36516926,764,1
36416608,765,1
35205374,766,1
36211557,767,1
36211133,768,1
37119781,769,1
43053893,770,1
36718362,771,1
36416681,772,1
36718373,773,1
35707632,774,1
36718179,775,1
36211303,776,1
36718418,777,1
36211122,778,1
36516836,779,1
43053902,780,1
36211755,781,1
35205322,782,1
36416516,783,1
35506609,784,1
35809242,785,1
37219911,786,1
36919202,787,1
35205184,788,1
35205236,789,1
36211091,790,1
37622506,791,1
36312073,792,1
36416523,793,1
35708726,794,1
37622438,795,1
36718566,796,1
35909612,797,1
37219905,798,1
35406349,799,1
37420519,800,1
36312852,801,1
35708108,802,1
43562827,803,1
35607313,804,1
35708147,805,1
36416610,806,1
35809236,807,1
42890346,808,1
36516817,809,1
35607485,810,1
35708187,811,1
36311779,812,1
35708093,813,1
36516807,814,1
35707694,815,1
42889533,816,1
36516827,817,1
37219834,818,1
35809151,819,1
35909518,820,1
36718543,821,1
36316348,822,1
37622430,823,1
35205189,824,1
35708156,825,1
35708628,826,1
35809164,827,1
35205272,828,1
36516850,829,1
36314159,830,1
36211127,831,1
35809381,832,1
36718119,833,1
37320213,834,1
35708737,835,1
36211288,836,1
35809180,837,1
37019299,838,1
36718321,839,1
37219867,840,1
36617941,841,1
35506610,842,1
35406369,843,1
36617187,844,1
35607096,845,1
36718038,846,1
36211129,847,1
36718301,848,1
37219952,849,1
35205182,850,1
37622456,851,1
36718218,852,1
42890580,853,1
36416706,854,1
36110693,855,1
35707843,856,1
35205339,857,1
36109999,858,1
36009735,859,1
36313240,860,1
36211433,861,1
37622517,862,1
35809092,863,1
36416525,864,1
36718368,865,1
36416682,866,1
35708206,867,1
36311824,868,1
36516988,869,1
35708129,870,1
36313477,871,1
35809088,872,1
36617206,873,1
35205185,874,1
35607082,875,1
36313741,876,1
35809380,877,1
35708179,878,1
36718598,879,1
35205282,880,1
35708627,881,1
36617934,882,1
36516904,883,1
36516815,884,1
36110581,885,1
35205064,886,1
36617166,887,1
35506601,888,1
36516925,889,1
35205183,890,1
35809129,891,1
35205325,892,1
35708567,893,1
35708169,894,1
36919210,895,1
35707683,896,1
35808914,897,1
35707543,898,1
35708208,899,1
37622481,900,1
36313965,901,1
35707631,902,1
36416501,903,1
36312573,904,1
36617249,905,1
36313276,906,1
36617201,907,1
35809101,908,1
42890167,909,1
36516956,910,1
35406392,911,1
37219865,912,1
35205179,913,1
35707700,914,1
36110116,915,1
36110540,916,1
35707649,917,1
35205241,918,1
36718093,919,1
35809386,920,1
35809400,921,1
37320197,922,1
36416695,923,1
43053717,924,1
36211594,925,1
36516932,926,1
36009957,927,1
36110227,928,1
35708146,929,1
36919042,930,1
36416535,931,1
35708211,932,1
35205315,933,1
37219863,934,1
35708119,935,1
36617300,936,1
35708041,937,1
36416572,938,1
35708128,939,1
35406319,940,1
37622379,941,1
36316391,942,1
36311929,943,1
36009776,944,1
36110459,945,1
42890500,946,1
36211136,947,1
36313476,948,1
36314009,949,1
35708139,950,1
35406331,951,1
36718500,952,1
35708067,953,1
37622528,954,1
35708717,955,1
35708608,956,1
42890545,957,1
36617295,958,1
35506745,959,1
45885696,960,1
36312669,961,1
36516870,962,1
35708692,963,1
37019410,964,1
35809320,965,1
37219798,966,1
35205077,967,1
35707691,968,1
36211119,969,1
36211384,970,1
37219874,971,1
36919048,972,1
36517125,973,1
37019318,974,1
35708242,975,1
36009773,976,1
37220036,977,1
37219894,978,1
35809327,979,1
36211478,980,1
35708178,981,1
37622439,982,1
37220025,983,1
37320141,984,1
35708314,985,1
37019292,986,1
36313594,987,1
36617485,988,1
36919149,989,1
36211374,990,1
35707798,991,1
36311982,992,1
35205259,993,1
37219831,994,1
35205044,995,1
36110015,996,1
35506457,997,1
35205095,998,1
36316366,999,1
36718578,1000,1
37420507,1001,1
36919102,1002,1
36416496,1003,1
36718611,1004,1
36009762,1005,1
35708322,1006,1
37219916,1007,1
36211101,1008,1
36919109,1009,1
36918984,1010,1
35707675,1011,1
36110386,1012,1
36314116,1013,1
37420517,1014,1
36568681,1015,1
35205172,1016,1
37119783,1017,1
37622491,1018,1
36617224,1019,1
36313032,1020,1
36516784,1021,1
36110684,1022,1
36314114,1023,1
35909594,1024,1
37019320,1025,1
35809369,1026,1
37220034,1027,1
35606961,1028,1
36516818,1029,1
35205181,1030,1
37219885,1031,1
37520731,1032,1
35708115,1033,1
35708642,1034,1
37219889,1035,1
36919128,1036,1
36316381,1037,1
36918908,1038,1
35809189,1039,1
35205040,1040,1
37219871,1041,1
35909682,1042,1
35708106,1043,1
37320212,1044,1
35809237,1045,1
35809225,1046,1
36110234,1047,1
36009880,1048,1
37219872,1049,1
35607320,1050,1
37219859,1051,1
35205388,1052,1
35205230,1053,1
36316023,1054,1
36717961,1055,1
37622432,1056,1
35708100,1057,1
36617297,1058,1
36110722,1059,1
36211109,1060,1
36312102,1061,1
36718355,1062,1
37622480,1063,1
37219954,1064,1
37119494,1065,1
35809215,1066,1
35406412,1067,1
36516933,1068,1
36009703,1069,1
35809173,1070,1
37320143,1071,1
37119501,1072,1
36516950,1073,1
36718586,1074,1
42890649,1075,1
36516816,1076,1
36718591,1077,1
36617167,1078,1
36718005,1079,1
36516973,1080,1
43562714,1081,1
36517146,1082,1
42890822,1083,1
36718326,1084,1
37119745,1085,1
37019319,1086,1
36718229,1087,1
36718001,1088,1
42890499,1089,1
37320205,1090,1
36919033,1091,1
37320296,1092,1
37420588,1093,1
36617308,1094,1
37320214,1095,1
36718108,1096,1
36617162,1097,1
36211390,1098,1
36718111,1099,1
36516888,1100,1
36617702,1101,1
36617419,1102,1
36416609,1103,1
36416518,1104,1
37320326,1105,1
36313050,1106,1
37219842,1107,1
36312921,1108,1
36718157,1109,1
36718589,1110,1
36315645,1111,1
36312538,1112,1
36211496,1113,1
36312941,1114,1
36718024,1115,1
36313524,1116,1
43053848,1117,1
37219930,1118,1
36009857,1119,1
43053888,1120,1
36718563,1121,1
36718288,1122,1
36211464,1123,1
36110649,1124,1
36416590,1125,1
35909503,1126,1
36110651,1127,1
35809148,1128,1
36110766,1129,1
36009951,1130,1
36313534,1131,1
35809098,1132,1
37019453,1133,1
36718082,1134,1
35809170,1135,1
36313605,1136,1
35909624,1137,1
35809086,1138,1
35909527,1139,1
36718406,1140,1
36110777,1141,1
36718382,1142,1
42889379,1143,1
37622521,1144,1
37420551,1145,1
36718285,1146,1
36919054,1147,1
37019399,1148,1
37219960,1149,1
37622442,1150,1
42889647,1151,1
36718312,1152,1
36416568,1153,1
36919098,1154,1
37019295,1155,1
36919059,1156,1
42889801,1157,1
37320310,1158,1
37019358,1159,1
36617489,1160,1
36718320,1161,1
36718214,1162,1
36918875,1163,1
37520608,1164,1
37520628,1165,1
37320193,1166,1
36516867,1167,1
36516979,1168,1
37320323,1169,1
36516948,1170,1
36718359,1171,1
37521342,1172,1
36919207,1173,1
36516842,1174,1
37320257,1175,1
36718421,1176,1
37622435,1177,1
36919075,1178,1
42890353,1179,1
36110013,1180,1
37521018,1181,1
35809407,1182,1
35708278,1183,1
35809314,1184,1
35809130,1185,1
35909528,1186,1
36516894,1187,1
35708227,1188,1
36110719,1189,1
42889558,1190,1
36110548,1191,1
35708362,1192,1
35809087,1193,1
36110408,1194,1
35809091,1195,1
35909501,1196,1
37219814,1197,1
35708256,1198,1
37521103,1199,1
36110915,1200,1
42890633,1201,1
35708248,1202,1
35708675,1203,1
35708298,1204,1
36315620,1205,1
35809109,1206,1
36416617,1207,1
36315643,1208,1
36314183,1209,1
36110491,1210,1
35809171,1211,1
36312473,1212,1
35708243,1213,1
35708221,1214,1
35809310,1215,1
43562912,1216,1
36009720,1217,1
36312336,1218,1
36312485,1219,1
36312488,1220,1
36313993,1221,1
36312492,1222,1
36312482,1223,1
37320220,1224,1
37320124,1225,1
36517108,1226,1
36919037,1227,1
37320123,1228,1
37320131,1229,1
36718267,1230,1
37320093,1231,1
36516886,1232,1
37320133,1233,1
36718079,1234,1
37320126,1235,1
36718112,1236,1
36718230,1237,1
36718335,1238,1
42890387,1239,1
35205025,1240,1
36009873,1241,1
35406421,1242,1
35205036,1243,1
35406306,1244,1
36718315,1245,1
37119548,1246,1
35205034,1247,1
35205037,1248,1
35808980,1249,1
37219878,1250,1
35707759,1251,1
36313903,1252,1
35607441,1253,1
35607122,1254,1
36211215,1255,1
36718375,1256,1
36311981,1257,1
36718142,1258,1
36314156,1259,1
35808988,1260,1
35808999,1261,1
36416547,1262,1
36718369,1263,1
35708753,1264,1
36313437,1265,1
36211097,1266,1
36110709,1267,1
35104074,1268,1
36110460,1269,1
35204989,1270,1
35104691,1271,1
35104856,1272,1
36516896,1273,1
35204948,1274,1
36313585,1275,1
36313968,1276,1
35104868,1277,1
35104746,1278,1
35809132,1279,1
37019308,1280,1
36516841,1281,1
36718510,1282,1
36516868,1283,1
37521035,1284,1
35809080,1285,1
37520641,1286,1
36776613,1287,1
37522270,1288,1
36718365,1289,1
36516810,1290,1
35104161,1291,1
35204953,1292,1
35204960,1293,1
35205029,1294,1
35909517,1295,1
35708279,1296,1
35204981,1297,1
35204970,1298,1
35707871,1299,1
35707868,1300,1
35708285,1301,1
36416487,1302,1
35707865,1303,1
35204985,1304,1
37622446,1305,1
35305425,1306,1
36718008,1307,1
35708344,1308,1
35205383,1309,1
36416485,1310,1
36717998,1311,1
35909626,1312,1
35909513,1313,1
37219820,1314,1
36718010,1315,1
35707864,1316,1
35204904,1317,1
35204924,1318,1
37622444,1319,1
35305414,1320,1
36416708,1321,1
35205246,1322,1
35204912,1323,1
35204966,1324,1
35205391,1325,1
36211222,1326,1
35506636,1327,1
35909614,1328,1
35205180,1329,1
36718482,1330,1
36718428,1331,1
43053793,1332,1
37320303,1333,1
37320312,1334,1
37320313,1335,1
37320187,1336,1
37320132,1337,1
37520652,1338,1
37320164,1339,1
35708363,1340,1
36312334,1341,1
36009740,1342,1
35708369,1343,1
35708160,1344,1
36313916,1345,1
37320161,1346,1
37320306,1347,1
36416528,1348,1
37019448,1349,1
37119529,1350,1
37622477,1351,1
37520663,1352,1
36919236,1353,1
42889641,1354,1
42890550,1355,1
36316189,1356,1
36211100,1357,1
36211078,1358,1
36211068,1359,1
36617948,1360,1
37522210,1361,1
36110520,1362,1
36516787,1363,1
36211542,1364,1
36110535,1365,1
37119714,1366,1
36110673,1367,1
37119769,1368,1
37520602,1369,1
37521332,1370,1
37521538,1371,1
37520888,1372,1
37520627,1373,1
37521654,1374,1
37521200,1375,1
37220063,1376,1
35909625,1377,1
36313573,1378,1
42889495,1379,1
45885974,1380,1
35104877,1381,1
36313436,1382,1
36009821,1383,1
35204928,1384,1
35104887,1385,1
35104883,1386,1
36313550,1387,1
36516804,1388,1
36516828,1389,1
36918911,1390,1
36314856,1391,1
36211544,1392,1
37521192,1393,1
42889622,1394,1
36211313,1395,1
36211103,1396,1
36316186,1397,1
36718256,1398,1
36919230,1399,1
36919036,1400,1
36718458,1401,1
42890512,1402,1
36919101,1403,1
35809323,1404,1
42889637,1405,1
42890557,1406,1
35708141,1407,1
35506786,1408,1
35606938,1409,1
35104123,1410,1
43053854,1411,1
37019303,1412,1
36009736,1413,1
35708271,1414,1
35808976,1415,1
36517119,1416,1
35607013,1417,1
35607446,1418,1
36516906,1419,1
36717992,1420,1
36517132,1421,1
36617316,1422,1
42889192,1423,1
36918918,1424,1
42888924,1425,1
37622469,1426,1
37019411,1427,1
37019237,1428,1
35707598,1429,1
36312856,1430,1
35104092,1431,1
35809114,1432,1
35205190,1433,1
35204959,1434,1
35204911,1435,1
35707930,1436,1
35708063,1437,1
36918962,1438,1
37622493,1439,1
36718364,1440,1
36718537,1441,1
36718542,1442,1
36718352,1443,1
36718292,1444,1
35809281,1445,1
35809296,1446,1
36211471,1447,1
36516944,1448,1
42889812,1449,1
36516893,1450,1
36617669,1451,1
42890535,1452,1
36919043,1453,1
36516901,1454,1
35708124,1455,1
35708308,1456,1
35708302,1457,1
36718011,1458,1
36718016,1459,1
35204978,1460,1
36009804,1461,1
37521618,1462,1
35809395,1463,1
36313403,1464,1
35506799,1465,1
35708583,1466,1
35104826,1467,1
36009755,1468,1
35809392,1469,1
35104701,1470,1
35104712,1471,1
35707552,1472,1
35909443,1473,1
35909456,1474,1
35909449,1475,1
42890655,1476,1
35809059,1477,1
36211555,1478,1
35606980,1479,1
35708663,1480,1
36918853,1481,1
35708066,1482,1
36315299,1483,1
36211065,1484,1
35809090,1485,1
37119784,1486,1
36313048,1487,1
35205107,1488,1
35205305,1489,1
36416529,1490,1
35205136,1491,1
42889636,1492,1
35306203,1493,1
35205351,1494,1
35707650,1495,1
36211104,1496,1
36919081,1497,1
36009835,1498,1
37521612,1499,1
43053904,1500,1
42889640,1501,1
36316181,1502,1
36717975,1503,1
35809125,1504,1
35305424,1505,1
37019267,1506,1
36718348,1507,1
35306160,1508,1
35305663,1509,1
36818726,1510,1
35104100,1511,1
37320203,1512,1
35104864,1513,1
36009888,1514,1
37019310,1515,1
36516763,1516,1
35104126,1517,1
35606957,1518,1
36110678,1519,1
35607078,1520,1
35205000,1521,1
35104694,1522,1
36919035,1523,1
36919041,1524,1
35104692,1525,1
35506637,1526,1
36818730,1527,1
36818734,1528,1
36818761,1529,1
35707835,1530,1
35809328,1531,1
35809012,1532,1
36718044,1533,1
36516819,1534,1
36517124,1535,1
36211080,1536,1
36211184,1537,1
36110040,1538,1
36211124,1539,1
36211121,1540,1
35708275,1541,1
37320302,1542,1
35708744,1543,1
37320293,1544,1
43053895,1545,1
36312648,1546,1
36110348,1547,1
36918990,1548,1
36718090,1549,1
37019314,1550,1
35708417,1551,1
36316344,1552,1
35708094,1553,1
37119540,1554,1
35708116,1555,1
36110568,1556,1
36314099,1557,1
43562866,1558,1
36211179,1559,1
35708554,1560,1
45885676,1561,1
36315573,1562,1
36919053,1563,1
35708174,1564,1
36110096,1565,1
42890199,1566,1
37019351,1567,1
36316342,1568,1
35708142,1569,1
35708723,1570,1
36312298,1571,1
35708359,1572,1
36516903,1573,1
35708605,1574,1
36316382,1575,1
36110874,1576,1
37019274,1577,1
36316417,1578,1
35708140,1579,1
42890460,1580,1
37521163,1581,1
43053923,1582,1
35708150,1583,1
35708123,1584,1
36211347,1585,1
36919132,1586,1
35708109,1587,1
36516999,1588,1
35708636,1589,1
36316338,1590,1
42890048,1591,1
42890036,1592,1
36110239,1593,1
36314250,1594,1
37220031,1595,1
36316184,1596,1
35809121,1597,1
36110911,1598,1
36211491,1599,1
42890456,1600,1
36110265,1601,1
36211477,1602,1
35809357,1603,1
36009797,1604,1
36313661,1605,1
36211082,1606,1
36516982,1607,1
36516802,1608,1
36718261,1609,1
37520643,1610,1
36211378,1611,1
42890575,1612,1
36211328,1613,1
35809324,1614,1
35809330,1615,1
36211268,1616,1
36517152,1617,1
36313697,1618,1
36617250,1619,1
36211280,1620,1
36110566,1621,1
37522291,1622,1
36517150,1623,1
35909428,1624,1
36516830,1625,1
35809353,1626,1
37520633,1627,1
36516800,1628,1
36516898,1629,1
36919047,1630,1
36919127,1631,1
36718323,1632,1
36718541,1633,1
43053920,1634,1
42888986,1635,1
37622486,1636,1
36110891,1637,1
37219956,1638,1
36009723,1639,1
36110782,1640,1
43053882,1641,1
36110664,1642,1
36315606,1643,1
36315270,1644,1
37622407,1645,1
36416526,1646,1
37119716,1647,1
37520829,1648,1
37520653,1649,1
36516865,1650,1
37622492,1651,1
35104085,1652,1
36416599,1653,1
36919197,1654,1
36919165,1655,1
35607492,1656,1
35808984,1657,1
36718013,1658,1
36718146,1659,1
36718303,1660,1
35607123,1661,1
36312568,1662,1
37219850,1663,1
35104768,1664,1
42889670,1665,1
36718151,1666,1
36211492,1667,1
36009754,1668,1
42889466,1669,1
35506808,1670,1
36617488,1671,1
35708044,1672,1
37521041,1673,1
35708070,1674,1
35707713,1675,1
35909442,1676,1
35707714,1677,1
35708538,1678,1
35708291,1679,1
35708310,1680,1
36818634,1681,1
36818844,1682,1
36818833,1683,1
36718311,1684,1
35708270,1685,1
36211489,1686,1
35406443,1687,1
35406324,1688,1
36211259,1689,1
37320167,1690,1
36315155,1691,1
36211326,1692,1
35607410,1693,1
36311946,1694,1
35506587,1695,1
45886444,1696,1
35306064,1697,1
36211197,1698,1
35808960,1699,1
35808965,1700,1
35808985,1701,1
36009819,1702,1
36313679,1703,1
42889911,1704,1
36313659,1705,1
36009843,1706,1
37019305,1707,1
35909613,1708,1
35104397,1709,1
36211466,1710,1
35707999,1711,1
36718530,1712,1
36718531,1713,1
35506613,1714,1
36818683,1715,1
36818784,1716,1
35808971,1717,1
35809248,1718,1
42889673,1719,1
36617239,1720,1
35607370,1721,1
36110225,1722,1
36718540,1723,1
36717962,1724,1
35809288,1725,1
35809293,1726,1
36416513,1727,1
35506488,1728,1
35909635,1729,1
35306167,1730,1
36313529,1731,1
36918957,1732,1
35808997,1733,1
36110691,1734,1
42889658,1735,1
42889626,1736,1
37219981,1737,1
37219994,1738,1
35707540,1739,1
36110464,1740,1
36312617,1741,1
36211261,1742,1
36110683,1743,1
35809106,1744,1
35809232,1745,1
36313799,1746,1
45885863,1747,1
36516839,1748,1
35607089,1749,1
35104736,1750,1
35708110,1751,1
36416581,1752,1
36818757,1753,1
35708641,1754,1
36211451,1755,1
36818829,1756,1
35708631,1757,1
36617351,1758,1
35707975,1759,1
42889555,1760,1
35809015,1761,1
36211481,1762,1
36718117,1763,1
35808981,1764,1
35809004,1765,1
42889395,1766,1
35809003,1767,1
35809007,1768,1
35808987,1769,1
36110569,1770,1
36110162,1771,1
36110563,1772,1
36110627,1773,1
36110585,1774,1
36313583,1775,1
36110413,1776,1
35809239,1777,1
36315484,1778,1
36313177,1779,1
36110154,1780,1
36110415,1781,1
35909508,1782,1
42889505,1783,1
36110019,1784,1
36211694,1785,1
37019250,1786,1
35909409,1787,1
36009828,1788,1
36009847,1789,1
36211282,1790,1
36211066,1791,1
37219854,1792,1
36211067,1793,1
36110089,1794,1
36211118,1795,1
37420529,1796,1
37622471,1797,1
36516795,1798,1
36211132,1799,1
36718098,1800,1
36919199,1801,1
36211135,1802,1
37219967,1803,1
37520685,1804,1
36211546,1805,1
36918944,1806,1
42889655,1807,1
36516803,1808,1
37520662,1809,1
37521353,1810,1
36718498,1811,1
36516786,1812,1
37320318,1813,1
36516990,1814,1
36918846,1815,1
42889398,1816,1
42890829,1817,1
36211504,1818,1
37119655,1819,1
36718599,1820,1
37622399,1821,1
36110670,1822,1
37119544,1823,1
36211304,1824,1
37320311,1825,1
36617195,1826,1
36313745,1827,1
37622455,1828,1
36211098,1829,1
36918874,1830,1
36516833,1831,1
36211595,1832,1
36211062,1833,1
36517134,1834,1
45886450,1835,1
37420362,1836,1
36918936,1837,1
36919225,1838,1
37521537,1839,1
36818840,1840,1
36211105,1841,1
36110039,1842,1
37119623,1843,1
36919212,1844,1
36718183,1845,1
36516967,1846,1
35708162,1847,1
37019460,1848,1
35104113,1849,1
35104119,1850,1
35104812,1851,1
35104461,1852,1
35104874,1853,1
35607031,1854,1
35204954,1855,1
36110763,1856,1
45885772,1857,1
42890549,1858,1
36211073,1859,1
35707508,1860,1
35708368,1861,1
36919070,1862,1
36211241,1863,1
37622433,1864,1
36918982,1865,1
36718272,1866,1
36315595,1867,1
35204903,1868,1
35707642,1869,1
35707667,1870,1
35707662,1871,1
35707678,1872,1
35707984,1873,1
35607157,1874,1
35607414,1875,1
35607402,1876,1
45885677,1877,1
35204998,1878,1
36314731,1879,1
36919108,1880,1
35506690,1881,1
35708705,1882,1
35707574,1883,1
35707576,1884,1
35808952,1885,1
35808942,1886,1
35104738,1887,1
35607306,1888,1
35506503,1889,1
35104104,1890,1
36009813,1891,1
35205021,1892,1
36311918,1893,1
35506586,1894,1
37119532,1895,1
36313301,1896,1
35506481,1897,1
35809137,1898,1
35205223,1899,1
35909425,1900,1
36211209,1901,1
36110075,1902,1
36416524,1903,1
36313857,1904,1
35305965,1905,1
35808847,1906,1
35506514,1907,1
37320305,1908,1
37521473,1909,1
37019332,1910,1
43054017,1911,1
36313254,1912,1
36516897,1913,1
36718544,1914,1
36718198,1915,1
35809325,1916,1
36718197,1917,1
36617565,1918,1
36718259,1919,1
35809110,1920,1
36919083,1921,1
36718178,1922,1
36718587,1923,1
36516981,1924,1
36718234,1925,1
36517131,1926,1
37520678,1927,1
37522318,1928,1
37119537,1929,1
36718114,1930,1
43053976,1931,1
37622497,1932,1
35708158,1933,1
35607121,1934,1
36718579,1935,1
36718238,1936,1
36617334,1937,1
35104794,1938,1
35204956,1939,1
36110266,1940,1
35607075,1941,1
35104871,1942,1
36211681,1943,1
35104748,1944,1
35204963,1945,1
35204968,1946,1
35909471,1947,1
35406429,1948,1
35104763,1949,1
36110125,1950,1
35707849,1951,1
37520999,1952,1
37521115,1953,1
37521048,1954,1
35607265,1955,1
37522356,1956,1
37522317,1957,1
37521159,1958,1
43562865,1959,1
42890469,1960,1
36718607,1961,1
36718552,1962,1
42890491,1963,1
36718324,1964,1
36718358,1965,1
36918912,1966,1
36918968,1967,1
42889648,1968,1
42890330,1969,1
36211283,1970,1
43053892,1971,1
36211232,1972,1
36312335,1973,1
35809305,1974,1
36312486,1975,1
37622472,1976,1
36009704,1977,1
35708623,1978,1
36009724,1979,1
42889439,1980,1
37320316,1981,1
35607142,1982,1
36211463,1983,1
35607006,1984,1
36211223,1985,1
36718155,1986,1
42890516,1987,1
36110435,1988,1
35808824,1989,1
35808831,1990,1
36211309,1991,1
35104181,1992,1
37420567,1993,1
35406320,1994,1
36009850,1995,1
36110588,1996,1
36009799,1997,1
36110978,1998,1
36110124,1999,1
37119545,2000,1
36918926,2001,1
35104378,2002,1
43562777,2003,1
36818729,2004,1
35306200,2005,1
35305707,2006,1
35305407,2007,1
35809370,2008,1
35909418,2009,1
35909483,2010,1
37019393,2011,1
36818708,2012,1
36617836,2013,1
36516845,2014,1
35607297,2015,1
36313220,2016,1
36313239,2017,1
35204961,2018,1
35204980,2019,1
36718190,2020,1
37420520,2021,1
35707758,2022,1
35707607,2023,1
35607421,2024,1
35204930,2025,1
35809042,2026,1
36110557,2027,1
35406309,2028,1
37520620,2029,1
36919145,2030,1
35205106,2031,1
35506754,2032,1
35607294,2033,1
37522357,2034,1
35205001,2035,1
36110468,2036,1
36254981,2037,1
45885708,2038,1
36918905,2039,1
35809333,2040,1
43053924,2041,1
36312382,2042,1
36919158,2043,1
45885570,2044,1
36211603,2045,1
45885695,2046,1
36314765,2047,1
37420593,2048,1
42889473,2049,1
36918985,2050,1
36918952,2051,1
36718293,2052,1
36919105,2053,1
37219932,2054,1
37019444,2055,1
37219958,2056,1
36718610,2057,1
42890529,2058,1
37320253,2059,1
36617522,2060,1
37119477,2061,1
37019462,2062,1
36516825,2063,1
36617305,2064,1
36718593,2065,1
36517135,2066,1
36517126,2067,1
35808986,2068,1
37320206,2069,1
35707839,2070,1
36315416,2071,1
36818823,2072,1
42889634,2073,1
35104098,2074,1
35808978,2075,1
43053871,2076,1
35909564,2077,1
37521158,2078,1
37521188,2079,1
37521235,2080,1
37522140,2081,1
37520617,2082,1
42890546,2083,1
35607262,2084,1
36516971,2085,1
35607160,2086,1
35607475,2087,1
35204933,2088,1
35104091,2089,1
35204931,2090,1
36009824,2091,1
37320333,2092,1
43562716,2093,1
37320338,2094,1
37622515,2095,1
37320091,2096,1
35707781,2097,1
36009901,2098,1
35809141,2099,1
35809071,2100,1
35607286,2101,1
35707867,2102,1
36211262,2103,1
37420355,2104,1
35104709,2105,1
36617902,2106,1
35205007,2107,1
36516965,2108,1
36516773,2109,1
35104075,2110,1
36312237,2111,1
36211114,2112,1
36718299,2113,1
35506529,2114,1
35707778,2115,1
36312076,2116,1
36818743,2117,1
35708749,2118,1
36718004,2119,1
35909439,2120,1
42889194,2121,1
36718201,2122,1
36718181,2123,1
35809342,2124,1
37019371,2125,1
36416559,2126,1
35708266,2127,1
37320237,2128,1
35104236,2129,1
36110371,2130,1
36617245,2131,1
35205023,2132,1
35707521,2133,1
36718243,2134,1
36009708,2135,1
36416698,2136,1
35205027,2137,1
35607272,2138,1
37522310,2139,1
35506654,2140,1
35204902,2141,1
35708736,2142,1
37622458,2143,1
35707932,2144,1
36516863,2145,1
35707852,2146,1
37520683,2147,1
35104791,2148,1
37320090,2149,1
35808822,2150,1
35808828,2151,1
35607189,2152,1
36315296,2153,1
36516866,2154,1
37219879,2155,1
36718286,2156,1
35104187,2157,1
35406375,2158,1
35809213,2159,1
37320100,2160,1
36718228,2161,1
35809158,2162,1
36110432,2163,1
35707822,2164,1
35707834,2165,1
36818746,2166,1
36110723,2167,1
35707688,2168,1
37019302,2169,1
35809078,2170,1
37219838,2171,1
37119654,2172,1
37520664,2173,1
36516843,2174,1
36211087,2175,1
43562708,2176,1
42890355,2177,1
36918902,2178,1
37520638,2179,1
37521662,2180,1
37520656,2181,1
36516834,2182,1
42890543,2183,1
35808970,2184,1
35506494,2185,1
36718061,2186,1
36313151,2187,1
43054192,2188,1
36919031,2189,1
37320229,2190,1
35707775,2191,1
36313372,2192,1
35104853,2193,1
36110590,2194,1
36314851,2195,1
35606910,2196,1
36255014,2197,1
35909440,2198,1
35607314,2199,1
37019452,2200,1
36009737,2201,1
35104323,2202,1
37220016,2203,1
36314008,2204,1
36109980,2205,1
36009685,2206,1
35708190,2207,1
36312236,2208,1
35909669,2209,1
35909665,2210,1
35205009,2211,1
36718277,2212,1
36918999,2213,1
35808998,2214,1
37320281,2215,1
36617644,2216,1
37521313,2217,1
37220061,2218,1
35809095,2219,1
37320130,2220,1
36253682,2221,1
36316153,2222,1
36211474,2223,1
36211402,2224,1
36009748,2225,1
36919066,2226,1
36312234,2227,1
35809212,2228,1
35809085,2229,1
36211287,2230,1
36416680,2231,1
36313152,2232,1
43562700,2233,1
35708054,2234,1
35506749,2235,1
35506788,2236,1
35406394,2237,1
36919049,2238,1
37320125,2239,1
37119648,2240,1
37119473,2241,1
36110679,2242,1
35809307,2243,1
43562832,2244,1
35707960,2245,1
35809111,2246,1
35707561,2247,1
36718193,2248,1
35909444,2249,1
36313699,2250,1
42889463,2251,1
35708575,2252,1
35506562,2253,1
35406381,2254,1
36211467,2255,1
36818632,2256,1
36009918,2257,1
35607445,2258,1
35909642,2259,1
36718123,2260,1
35104177,2261,1
36110771,2262,1
35305701,2263,1
35305705,2264,1
35305406,2265,1
35606991,2266,1
35607359,2267,1
36617554,2268,1
35406325,2269,1
35406360,2270,1
36516929,2271,1
35708625,2272,1
36416554,2273,1
37420550,2274,1
35809156,2275,1
37521336,2276,1
35708539,2277,1
42889230,2278,1
36718220,2279,1
35708148,2280,1
43562706,2281,1
42890123,2282,1
37320300,2283,1
37520970,2284,1
37219890,2285,1
35809168,2286,1
37220006,2287,1
37320345,2288,1
35205276,2289,1
35708016,2290,1
36110059,2291,1
35909593,2292,1
35707858,2293,1
35607478,2294,1
35506691,2295,1
36311994,2296,1
35406430,2297,1
36416585,2298,1
36516790,2299,1
37019458,2300,1
36718233,2301,1
36919232,2302,1
35305423,2303,1
35707695,2304,1
35909469,2305,1
35204947,2306,1
36110951,2307,1
35606854,2308,1
35607334,2309,1
36416567,2310,1
35607378,2311,1
35104351,2312,1
36718469,2313,1
36718391,2314,1
35809355,2315,1
35607318,2316,1
35809154,2317,1
35104120,2318,1
35808801,2319,1
35808816,2320,1
35506682,2321,1
36211181,2322,1
35104191,2323,1
36110655,2324,1
35104071,2325,1
36110712,2326,1
36313379,2327,1
36313449,2328,1
35506555,2329,1
35607345,2330,1
36110611,2331,1
36918855,2332,1
35707981,2333,1
35809102,2334,1
37019443,2335,1
36009837,2336,1
37520645,2337,1
36516849,2338,1
36718279,2339,1
43053807,2340,1
37119550,2341,1
37522129,2342,1
42890194,2343,1
36918910,2344,1
42889445,2345,1
35808982,2346,1
42889344,2347,1
42890441,2348,1
36617163,2349,1
37320221,2350,1
37320324,2351,1
35205067,2352,1
45886260,2353,1
35506621,2354,1
36009834,2355,1
36311823,2356,1
36311806,2357,1
36110554,2358,1
43053786,2359,1
35708303,2360,1
36211703,2361,1
37521014,2362,1
35809039,2363,1
35607109,2364,1
35305401,2365,1
35305706,2366,1
35205342,2367,1
35305560,2368,1
35305397,2369,1
35305493,2370,1
35305413,2371,1
36516862,2372,1
35305649,2373,1
35104078,2374,1
35708089,2375,1
35708136,2376,1
37119542,2377,1
35607491,2378,1
37320204,2379,1
35104103,2380,1
36919231,2381,1
35607367,2382,1
35506730,2383,1
42889633,2384,1
37320202,2385,1
35707920,2386,1
35708730,2387,1
43053834,2388,1
36314123,2389,1
36314129,2390,1
42889572,2391,1
36718431,2392,1
36918924,2393,1
36316167,2394,1
36211626,2395,1
37019261,2396,1
35104669,2397,1
35104165,2398,1
42888930,2399,1
35708294,2400,1
35104740,2401,1
35707599,2402,1
35204958,2403,1
35707862,2404,1
35708742,2405,1
35909547,2406,1
36617325,2407,1
36110149,2408,1
35104186,2409,1
36110145,2410,1
35104302,2411,1
36312667,2412,1
36316380,2413,1
35708132,2414,1
35708687,2415,1
35708686,2416,1
35104229,2417,1
35104730,2418,1
35808852,2419,1
35104175,2420,1
37019455,2421,1
35104304,2422,1
37420527,2423,1
36718389,2424,1
45885929,2425,1
37219965,2426,1
36316195,2427,1
36316349,2428,1
36316377,2429,1
37080795,2430,1
35909454,2431,1
35204957,2432,1
35204940,2433,1
35104879,2434,1
37520642,2435,1
36211257,2436,1
37520714,2437,1
37522373,2438,1
36211128,2439,1
36517019,2440,1
36315866,2441,1
37522188,2442,1
36313548,2443,1
43053860,2444,1
37320201,2445,1
36211199,2446,1
36009732,2447,1
35707792,2448,1
35707872,2449,1
35707579,2450,1
35707891,2451,1
36009878,2452,1
35104405,2453,1
35707806,2454,1
35205152,2455,1
35808962,2456,1
35104688,2457,1
36211208,2458,1
35708655,2459,1
35708611,2460,1
37119638,2461,1
35809006,2462,1
42889501,2463,1
35809018,2464,1
35808977,2465,1
36009750,2466,1
37019394,2467,1
42889666,2468,1
37019408,2469,1
36918891,2470,1
36718080,2471,1
45885924,2472,1
36313475,2473,1
37119696,2474,1
43562920,2475,1
35809268,2476,1
37019309,2477,1
35737823,2478,1
42889376,2479,1
35909435,2480,1
35708754,2481,1
35104070,2482,1
36718269,2483,1
36211684,2484,1
35104178,2485,1
35123101,2486,1
35204977,2487,1
35809119,2488,1
35204976,2489,1
36617237,2490,1
42889118,2491,1
35707937,2492,1
35305505,2493,1
42889309,2494,1
35809073,2495,1
37622426,2496,1
35506689,2497,1
36211190,2498,1
35707989,2499,1
36717973,2500,1
36516772,2501,1
35707732,2502,1
35606973,2503,1
36718442,2504,1
35305937,2505,1
36211391,2506,1
35808800,2507,1
35406373,2508,1
35205109,2509,1
36314886,2510,1
36211090,2511,1
35708031,2512,1
35708612,2513,1
35104858,2514,1
37320115,2515,1
35708059,2516,1
36316138,2517,1
35205133,2518,1
36211689,2519,1
36818682,2520,1
35708072,2521,1
35708073,2522,1
35708213,2523,1
36211649,2524,1
35708135,2525,1
36316182,2526,1
37521016,2527,1
35708238,2528,1
35708313,2529,1
35708370,2530,1
37119743,2531,1
35708079,2532,1
35708254,2533,1
42889235,2534,1
35708287,2535,1
35708311,2536,1
35708648,2537,1
35708204,2538,1
35708331,2539,1
37521056,2540,1
35708300,2541,1
43053710,2542,1
37520723,2543,1
37119602,2544,1
36416549,2545,1
35607284,2546,1
36315289,2547,1
36918876,2548,1
36111056,2549,1
37320102,2550,1
36313781,2551,1
37119626,2552,1
36313350,2553,1
36110248,2554,1
36314400,2555,1
36918935,2556,1
42889278,2557,1
36919104,2558,1
36211758,2559,1
42890076,2560,1
36919016,2561,1
37520890,2562,1
43053909,2563,1
35808963,2564,1
36211586,2565,1
36211596,2566,1
36211306,2567,1
36516882,2568,1
36818772,2569,1
35104174,2570,1
35809043,2571,1
35808826,2572,1
35808810,2573,1
35808825,2574,1
36316367,2575,1
35909542,2576,1
36211086,2577,1
45885923,2578,1
36009707,2579,1
37219785,2580,1
35305823,2581,1
35104101,2582,1
36314085,2583,1
35809231,2584,1
36316031,2585,1
35707771,2586,1
35809397,2587,1
37521042,2588,1
42889497,2589,1
37420369,2590,1
36416517,2591,1
35809297,2592,1
37520631,2593,1
37521523,2594,1
36211284,2595,1
36516940,2596,1
37220046,2597,1
35708688,2598,1
35708337,2599,1
36919130,2600,1
35607053,2601,1
35204905,2602,1
37019397,2603,1
37320153,2604,1
36517148,2605,1
42890354,2606,1
35707601,2607,1
35707936,2608,1
35204939,2609,1
35809315,2610,1
35707803,2611,1
36818771,2612,1
36516831,2613,1
36312545,2614,1
35708616,2615,1
35808790,2616,1
35808827,2617,1
36315029,2618,1
35104676,2619,1
36211130,2620,1
35606966,2621,1
35104298,2622,1
36314064,2623,1
36315646,2624,1
36211320,2625,1
36718167,2626,1
36211315,2627,1
36211321,2628,1
36717997,2629,1
36718457,2630,1
37521542,2631,1
36311846,2632,1
36776531,2633,1
36818713,2634,1
35708277,2635,1
37521049,2636,1
36416676,2637,1
35607494,2638,1
35204955,2639,1
37520728,2640,1
43562697,2641,1
35707809,2642,1
37119721,2643,1
35909472,2644,1
36818755,2645,1
36110492,2646,1
35104129,2647,1
35104806,2648,1
35708637,2649,1
36211428,2650,1
36110587,2651,1
35104306,2652,1
35909601,2653,1
35305516,2654,1
35305959,2655,1
35306075,2656,1
35909432,2657,1
35809246,2658,1
35104159,2659,1
36211258,2660,1
35607312,2661,1
37320129,2662,1
36919122,2663,1
45885569,2664,1
37119724,2665,1
42889461,2666,1
36718007,2667,1
37522316,2668,1
42890819,2669,1
35909459,2670,1
36110119,2671,1
35205012,2672,1
35204987,2673,1
37520737,2674,1
35909462,2675,1
42890952,2676,1
37119612,2677,1
35708757,2678,1
35205171,2679,1
35708030,2680,1
37220057,2681,1
35707768,2682,1
36211134,2683,1
35204969,2684,1
35606949,2685,1
36717995,2686,1
35104308,2687,1
36211206,2688,1
37622513,2689,1
36313544,2690,1
35607035,2691,1
36316376,2692,1
35104728,2693,1
36312161,2694,1
36617756,2695,1
35406390,2696,1
36316151,2697,1
37622520,2698,1
36416515,2699,1
35909473,2700,1
35708292,2701,1
35909568,2702,1
36314519,2703,1
36311928,2704,1
35305408,2705,1
35305953,2706,1
37622385,2707,1
42890436,2708,1
35808830,2709,1
36818783,2710,1
35204975,2711,1
36313522,2712,1
36313532,2713,1
35909520,2714,1
35809113,2715,1
35708048,2716,1
36919068,2717,1
36315669,2718,1
35707716,2719,1
36211691,2720,1
36818648,2721,1
36818766,2722,1
35305470,2723,1
36718476,2724,1
35104859,2725,1
36818754,2726,1
36818672,2727,1
35607019,2728,1
35909611,2729,1
37521136,2730,1
36009829,2731,1
35909605,2732,1
36919077,2733,1
35809372,2734,1
36918927,2735,1
36918956,2736,1
36718244,2737,1
36110549,2738,1
35707884,2739,1
36211183,2740,1
35306022,2741,1
35104281,2742,1
36617388,2743,1
35708624,2744,1
36718282,2745,1
35606990,2746,1
37320150,2747,1
37622478,2748,1
37522364,2749,1
37522273,2750,1
35708149,2751,1
35809291,2752,1
36416493,2753,1
36416494,2754,1
35809001,2755,1
35707957,2756,1
35707767,2757,1
36211218,2758,1
35809217,2759,1
35707721,2760,1
35607050,2761,1
35204927,2762,1
36313435,2763,1
35809147,2764,1
36009811,2765,1
36009902,2766,1
36110467,2767,1
35809358,2768,1
35606958,2769,1
35607097,2770,1
36717969,2771,1
35104679,2772,1
36009895,2773,1
35707753,2774,1
35707804,2775,1
35707773,2776,1
36617657,2777,1
35104097,2778,1
36617169,2779,1
37622475,2780,1
43562712,2781,1
36315061,2782,1
36316139,2783,1
36313047,2784,1
36718341,2785,1
35205165,2786,1
36211688,2787,1
36314494,2788,1
36416503,2789,1
36211669,2790,1
35104096,2791,1
36818660,2792,1
37219796,2793,1
35708042,2794,1
36110657,2795,1
36211213,2796,1
35305882,2797,1
35506463,2798,1
36416588,2799,1
37019285,2800,1
36313171,2801,1
36313345,2802,1
35707762,2803,1
35104125,2804,1
35104734,2805,1
36818647,2806,1
35104088,2807,1
35708172,2808,1
35104787,2809,1
35809218,2810,1
37119469,2811,1
37320341,2812,1
35506649,2813,1
35406366,2814,1
35607174,2815,1
36313096,2816,1
35606968,2817,1
35506639,2818,1
36110224,2819,1
35708458,2820,1
35607364,2821,1
36315755,2822,1
37320314,2823,1
37521183,2824,1
36211394,2825,1
36416561,2826,1
36516859,2827,1
36718573,2828,1
42889567,2829,1
36313984,2830,1
36718231,2831,1
35808795,2832,1
35104674,2833,1
35607356,2834,1
36919233,2835,1
36918955,2836,1
36919227,2837,1
36919027,2838,1
42890434,2839,1
43053757,2840,1
36315256,2841,1
35707802,2842,1
35707859,2843,1
35204918,2844,1
36009861,2845,1
36111030,2846,1
35205086,2847,1
35104739,2848,1
36211400,2849,1
36110117,2850,1
35306001,2851,1
35506642,2852,1
35808832,2853,1
35808818,2854,1
36211537,2855,1
36313246,2856,1
42889409,2857,1
36313222,2858,1
36314071,2859,1
35809050,2860,1
35708103,2861,1
35104211,2862,1
36211106,2863,1
36919234,2864,1
37420511,2865,1
36718550,2866,1
35809199,2867,1
43562983,2868,1
36211680,2869,1
37320344,2870,1
37521104,2871,1
36009919,2872,1
36110675,2873,1
35406367,2874,1
36211226,2875,1
36314103,2876,1
35506718,2877,1
35306136,2878,1
37019372,2879,1
35808848,2880,1
35808850,2881,1
35909521,2882,1
37521330,2883,1
43053809,2884,1
37119700,2885,1
37320149,2886,1
36316280,2887,1
36718035,2888,1
35506673,2889,1
36617310,2890,1
36718507,2891,1
35808966,2892,1
36009879,2893,1
35104364,2894,1
36718512,2895,1
36718520,2896,1
36818845,2897,1
36314859,2898,1
35809044,2899,1
35506706,2900,1
37019334,2901,1
35506577,2902,1
35707676,2903,1
35606856,2904,1
36312498,2905,1
36316370,2906,1
35506506,2907,1
35205093,2908,1
42890086,2909,1
36313803,2910,1
37019441,2911,1
42889605,2912,1
35708740,2913,1
35808946,2914,1
35707901,2915,1
35104490,2916,1
35607310,2917,1
36110976,2918,1
35306151,2919,1
35708351,2920,1
35104643,2921,1
35708536,2922,1
35809124,2923,1
36315570,2924,1
35808969,2925,1
35506563,2926,1
35506485,2927,1
36009897,2928,1
36718597,2929,1
37019356,2930,1
42890458,2931,1
42889573,2932,1
36009688,2933,1
35708563,2934,1
35808972,2935,1
36313664,2936,1
35707571,2937,1
35809118,2938,1
35506447,2939,1
35808768,2940,1
36312086,2941,1
36315574,2942,1
37119562,2943,1
36211295,2944,1
36718237,2945,1
37420427,2946,1
37219972,2947,1
36110594,2948,1
35708560,2949,1
36617349,2950,1
37019257,2951,1
35104210,2952,1
35104199,2953,1
36718063,2954,1
35708177,2955,1
